,bldg_id,upgrade,weight,applicability,in.sqft,in.ahs_region,in.ashrae_iecc_climate_zone_2004,in.ashrae_iecc_climate_zone_2004_2_a_split,in.bathroom_spot_vent_hour,in.bedrooms,in.building_america_climate_zone,in.cec_climate_zone,in.ceiling_fan,in.census_division,in.census_division_recs,in.census_region,in.city,in.clothes_dryer,in.clothes_washer,in.clothes_washer_presence,in.cooking_range,in.cooling_setpoint,in.cooling_setpoint_has_offset,in.cooling_setpoint_offset_magnitude,in.cooling_setpoint_offset_period,in.corridor,in.county,in.county_and_puma,in.dehumidifier,in.dishwasher,in.door_area,in.doors,in.ducts,in.eaves,in.electric_vehicle,in.emissions_electricity_folders,in.emissions_electricity_units,in.emissions_electricity_values_or_filepaths,in.emissions_fossil_fuel_units,in.emissions_fuel_oil_values,in.emissions_natural_gas_values,in.emissions_propane_values,in.emissions_scenario_names,in.emissions_types,in.emissions_wood_values,in.federal_poverty_level,in.generation_and_emissions_assessment_region,in.geometry_attic_type,in.geometry_building_horizontal_location_mf,in.geometry_building_horizontal_location_sfa,in.geometry_building_level_mf,in.geometry_building_number_units_mf,in.geometry_building_number_units_sfa,in.geometry_building_type_acs,in.geometry_building_type_height,in.geometry_building_type_recs,in.geometry_floor_area,in.geometry_floor_area_bin,in.geometry_foundation_type,in.geometry_garage,in.geometry_stories,in.geometry_stories_low_rise,in.geometry_story_bin,in.geometry_wall_exterior_finish,in.geometry_wall_type,in.has_pv,in.heating_fuel,in.heating_setpoint,in.heating_setpoint_has_offset,in.heating_setpoint_offset_magnitude,in.heating_setpoint_offset_period,in.holiday_lighting,in.hot_water_distribution,in.hot_water_fixtures,in.hvac_cooling_efficiency,in.hvac_cooling_partial_space_conditioning,in.hvac_cooling_type,in.hvac_has_ducts,in.hvac_has_shared_system,in.hvac_has_zonal_electric_heating,in.hvac_heating_efficiency,in.hvac_heating_type,in.hvac_heating_type_and_fuel,in.hvac_secondary_heating_efficiency,in.hvac_secondary_heating_type_and_fuel,in.hvac_shared_efficiencies,in.hvac_system_is_faulted,in.hvac_system_single_speed_ac_airflow,in.hvac_system_single_speed_ac_charge,in.hvac_system_single_speed_ashp_airflow,in.hvac_system_single_speed_ashp_charge,in.income,in.income_recs_2015,in.income_recs_2020,in.infiltration,in.insulation_ceiling,in.insulation_floor,in.insulation_foundation_wall,in.insulation_rim_joist,in.insulation_roof,in.insulation_slab,in.insulation_wall,in.interior_shading,in.iso_rto_region,in.lighting,in.lighting_interior_use,in.lighting_other_use,in.location_region,in.mechanical_ventilation,in.misc_extra_refrigerator,in.misc_freezer,in.misc_gas_fireplace,in.misc_gas_grill,in.misc_gas_lighting,in.misc_hot_tub_spa,in.misc_pool,in.misc_pool_heater,in.misc_pool_pump,in.misc_well_pump,in.natural_ventilation,in.neighbors,in.occupants,in.orientation,in.overhangs,in.plug_load_diversity,in.plug_loads,in.puma,in.puma_metro_status,in.pv_orientation,in.pv_system_size,in.radiant_barrier,in.range_spot_vent_hour,in.reeds_balancing_area,in.refrigerator,in.roof_material,in.schedules,in.simulation_control_run_period_begin_day_of_month,in.simulation_control_run_period_begin_month,in.simulation_control_run_period_calendar_year,in.simulation_control_run_period_end_day_of_month,in.simulation_control_run_period_end_month,in.simulation_control_timestep,in.solar_hot_water,in.state,in.tenure,in.units_represented,in.usage_level,in.vacancy_status,in.vintage,in.vintage_acs,in.water_heater_efficiency,in.water_heater_fuel,in.water_heater_in_unit,in.weather_file_city,in.weather_file_latitude,in.weather_file_longitude,in.window_areas,in.windows,out.electricity.ceiling_fan.energy_consumption.kwh,out.electricity.clothes_dryer.energy_consumption.kwh,out.electricity.clothes_washer.energy_consumption.kwh,out.electricity.cooling_fans_pumps.energy_consumption.kwh,out.electricity.cooling.energy_consumption.kwh,out.electricity.dishwasher.energy_consumption.kwh,out.electricity.freezer.energy_consumption.kwh,out.electricity.heating_fans_pumps.energy_consumption.kwh,out.electricity.heating_hp_bkup.energy_consumption.kwh,out.electricity.heating.energy_consumption.kwh,out.electricity.hot_tub_heater.energy_consumption.kwh,out.electricity.hot_tub_pump.energy_consumption.kwh,out.electricity.hot_water.energy_consumption.kwh,out.electricity.lighting_exterior.energy_consumption.kwh,out.electricity.lighting_garage.energy_consumption.kwh,out.electricity.lighting_interior.energy_consumption.kwh,out.electricity.mech_vent.energy_consumption.kwh,out.electricity.plug_loads.energy_consumption.kwh,out.electricity.pool_heater.energy_consumption.kwh,out.electricity.pool_pump.energy_consumption.kwh,out.electricity.pv.energy_consumption.kwh,out.electricity.range_oven.energy_consumption.kwh,out.electricity.refrigerator.energy_consumption.kwh,out.electricity.well_pump.energy_consumption.kwh,out.fuel_oil.heating_hp_bkup.energy_consumption.kwh,out.fuel_oil.heating.energy_consumption.kwh,out.fuel_oil.hot_water.energy_consumption.kwh,out.natural_gas.clothes_dryer.energy_consumption.kwh,out.natural_gas.fireplace.energy_consumption.kwh,out.natural_gas.grill.energy_consumption.kwh,out.natural_gas.heating_hp_bkup.energy_consumption.kwh,out.natural_gas.heating.energy_consumption.kwh,out.natural_gas.hot_tub_heater.energy_consumption.kwh,out.natural_gas.hot_water.energy_consumption.kwh,out.natural_gas.lighting.energy_consumption.kwh,out.natural_gas.pool_heater.energy_consumption.kwh,out.natural_gas.range_oven.energy_consumption.kwh,out.propane.clothes_dryer.energy_consumption.kwh,out.propane.heating_hp_bkup.energy_consumption.kwh,out.propane.heating.energy_consumption.kwh,out.propane.hot_water.energy_consumption.kwh,out.propane.range_oven.energy_consumption.kwh,out.site_energy.net.energy_consumption.kwh,out.site_energy.total.energy_consumption.kwh,out.electricity.net.energy_consumption.kwh,out.electricity.total.energy_consumption.kwh,out.fuel_oil.total.energy_consumption.kwh,out.natural_gas.total.energy_consumption.kwh,out.propane.total.energy_consumption.kwh,out.emissions.electricity.lrmer_95_decarb_by_2035_15_2025_start.co2e_kg,out.emissions.fuel_oil.lrmer_95_decarb_by_2035_15_2025_start.co2e_kg,out.emissions.natural_gas.lrmer_95_decarb_by_2035_15_2025_start.co2e_kg,out.emissions.propane.lrmer_95_decarb_by_2035_15_2025_start.co2e_kg,out.emissions.electricity.lrmer_low_re_cost_15_2025_start.co2e_kg,out.emissions.fuel_oil.lrmer_low_re_cost_15_2025_start.co2e_kg,out.emissions.natural_gas.lrmer_low_re_cost_15_2025_start.co2e_kg,out.emissions.propane.lrmer_low_re_cost_15_2025_start.co2e_kg,out.emissions.electricity.lrmer_low_re_cost_25_2025_start.co2e_kg,out.emissions.fuel_oil.lrmer_low_re_cost_25_2025_start.co2e_kg,out.emissions.natural_gas.lrmer_low_re_cost_25_2025_start.co2e_kg,out.emissions.propane.lrmer_low_re_cost_25_2025_start.co2e_kg,out.emissions.electricity.lrmer_mid_case_15_2025_start.co2e_kg,out.emissions.fuel_oil.lrmer_mid_case_15_2025_start.co2e_kg,out.emissions.natural_gas.lrmer_mid_case_15_2025_start.co2e_kg,out.emissions.propane.lrmer_mid_case_15_2025_start.co2e_kg,out.emissions.all_fuels.lrmer_95_decarb_by_2035_15_2025_start.co2e_kg,out.emissions.all_fuels.lrmer_low_re_cost_15_2025_start.co2e_kg,out.emissions.all_fuels.lrmer_low_re_cost_25_2025_start.co2e_kg,out.emissions.all_fuels.lrmer_mid_case_15_2025_start.co2e_kg
400,19637,0,242.1310127,TRUE,1220,"CBSA Boston-Cambridge-Newton, MA-NH",5A,5A,Hour22,3,Cold,None,None,New England,New England,Northeast,"MA, Lawrence","Gas, 100% Usage","EnergyStar, 100% Usage",Yes,"Electric, 100% Usage",70F,No,0F,None,Not Applicable,G2500090,"G2500090, G25000701",None,"290 Rated kWh, 100% Usage",20 ft^2,Fiberglass,"20% Leakage, R-4",2 ft,None,"data/cambium/LRMER_MidCase_15_2025start,data/cambium/LRMER_LowRECost_15_2025start,data/cambium/LRMER_95DecarbBy2035_15_2025start,data/cambium/LRMER_LowRECost_25_2025start","kg/MWh,kg/MWh,kg/MWh,kg/MWh","/lib/resources/data/cambium/LRMER_MidCase_15_2025start/NEWEc.csv,/lib/resources/data/cambium/LRMER_LowRECost_15_2025start/NEWEc.csv,/lib/resources/data/cambium/LRMER_95DecarbBy2035_15_2025start/NEWEc.csv,/lib/resources/data/cambium/LRMER_LowRECost_25_2025start/NEWEc.csv","lb/MBtu,lb/MBtu,lb/MBtu,lb/MBtu","195.9,195.9,195.9,195.9","147.3,147.3,147.3,147.3","177.8,177.8,177.8,177.8","LRMER_MidCase_15_2025start,LRMER_LowRECost_15_2025start,LRMER_95DecarbBy2035_15_2025start,LRMER_LowRECost_25_2025start","CO2e,CO2e,CO2e,CO2e","200.0,200.0,200.0,200.0",400%+,NEWEc,Vented Attic,None,None,None,None,None,Single-Family Detached,Single-Family Detached,Single-Family Detached,1000-1499,0-1499,Slab,1 Car,1,1,<8,"Wood, Medium/Dark",Wood Frame,Yes,Natural Gas,65F,Yes,6F,Night +3h,No Exterior Use,Uninsulated,100% Usage,"AC, SEER 13",80% Conditioned,Central AC,Yes,None,No,"Fuel Furnace, 80% AFUE",Ducted Heating,Natural Gas Fuel Furnace,None,None,None,No,None,None,None,None,200000+,140000+,150000+,25 ACH50,R-38,None,None,None,"Unfinished, Uninsulated",Uninsulated,"Wood Stud, Uninsulated","Summer = 0.7, Winter = 0.85",NEISO,100% CFL,100% Usage,100% Usage,CR03,None,None,None,None,None,None,None,None,None,None,None,"Cooling Season, 7 days/wk",Left/Right at 15ft,2,Northeast,None,100%,99%,G25000701,"In metro area, not/partially in principal city",East,7.0 kWDC,No,Hour7,131,"EF 17.6, 100% Usage","Asphalt Shingles, Medium",Stochastic,1,1,2007,31,12,15,None,MA,Owner,1,Medium,Occupied,1960s,1960-79,Electric Standard,Electricity,Yes,Beverly Muni AP,42.583,-70.917,F9 B9 L9 R9,"Double, Clear, Non-metal, Air",0,35.75467054,23.4456856,253.5064756,1151.769305,91.14510277,0,628.051303,0,0,0,0,2605.694883,40.15073659,24.91104095,491.1871133,21.98033025,2085.786805,0,0,-6952.231923,405.6103609,434.0382547,0,0,0,0,475.0682045,0,0,0,25221.69628,0,0,0,0,0,0,0,0,0,0,27037.56463,33990.08963,1340.800145,8293.032068,0,25696.76449,0,494.6365828,0,5858.350936,0,804.5045816,0,5858.350936,0,688.7033567,0,5858.350936,0,791.6760822,0,5858.350936,0,6352.987519,6662.855518,6547.054293,6650.027018
481,23299,0,242.1310127,TRUE,1220,"CBSA Boston-Cambridge-Newton, MA-NH",5A,5A,Hour2,3,Cold,None,Standard Efficiency,New England,New England,Northeast,Not in a census Place,"Electric, 80% Usage","Standard, 80% Usage",Yes,"Gas, 80% Usage",72F,No,0F,None,Not Applicable,G2500090,"G2500090, G25000702",None,None,20 ft^2,Fiberglass,"10% Leakage, Uninsulated",2 ft,None,"data/cambium/LRMER_MidCase_15_2025start,data/cambium/LRMER_LowRECost_15_2025start,data/cambium/LRMER_95DecarbBy2035_15_2025start,data/cambium/LRMER_LowRECost_25_2025start","kg/MWh,kg/MWh,kg/MWh,kg/MWh","/lib/resources/data/cambium/LRMER_MidCase_15_2025start/NEWEc.csv,/lib/resources/data/cambium/LRMER_LowRECost_15_2025start/NEWEc.csv,/lib/resources/data/cambium/LRMER_95DecarbBy2035_15_2025start/NEWEc.csv,/lib/resources/data/cambium/LRMER_LowRECost_25_2025start/NEWEc.csv","lb/MBtu,lb/MBtu,lb/MBtu,lb/MBtu","195.9,195.9,195.9,195.9","147.3,147.3,147.3,147.3","177.8,177.8,177.8,177.8","LRMER_MidCase_15_2025start,LRMER_LowRECost_15_2025start,LRMER_95DecarbBy2035_15_2025start,LRMER_LowRECost_25_2025start","CO2e,CO2e,CO2e,CO2e","200.0,200.0,200.0,200.0",400%+,NEWEc,Vented Attic,None,None,None,None,None,Single-Family Detached,Single-Family Detached,Single-Family Detached,1000-1499,0-1499,Vented Crawlspace,None,1,1,<8,"Vinyl, Light",Concrete,No,Natural Gas,70F,No,0F,None,No Exterior Use,Uninsulated,50% Usage,"Room AC, EER 9.8",40% Conditioned,Room AC,Yes,None,No,"Fuel Furnace, 92.5% AFUE",Ducted Heating,Natural Gas Fuel Furnace,None,None,None,No,None,None,None,None,200000+,140000+,150000+,20 ACH50,R-13,Uninsulated,Uninsulated,Uninsulated,"Unfinished, Uninsulated",None,"CMU, 6-in Hollow, Uninsulated","Summer = 0.7, Winter = 0.85",NEISO,100% LED,100% Usage,100% Usage,CR03,None,None,"EF 12, National Average",None,None,None,None,None,None,None,None,"Cooling Season, 7 days/wk",Left/Right at 15ft,4,Northwest,None,50%,99%,G25000702,"In metro area, not/partially in principal city",None,None,No,Hour17,131,"EF 17.6, 100% Usage","Asphalt Shingles, Medium",Stochastic,1,1,2007,31,12,15,None,MA,Owner,1,Low,Occupied,1960s,1960-79,Natural Gas Standard,Natural Gas,Yes,Beverly Muni AP,42.583,-70.917,F12 B12 L12 R12,"Double, Clear, Non-metal, Air, Exterior Clear Storm",40.73687873,989.7010034,36.92695482,0,455.1393717,0,319.7405374,739.1252385,0,0,0,0,0,26.96253844,0,375.1309696,21.98033025,1336.990221,0,0,0,29.60017807,434.0382547,0,0,0,0,0,0,0,0,34223.3742,0,4389.618486,0,0,864.8527276,0,0,0,0,0,44283.62482,44283.62482,4805.779406,4805.779406,0,39477.84541,0,828.3381391,0,9000.124921,0,1248.924407,0,9000.124921,0,1139.772392,0,9000.124921,0,1605.609488,0,9000.124921,0,9828.46306,10249.04933,10139.89731,10605.73441
1504,71673,0,242.1310127,TRUE,1220,"CBSA Boston-Cambridge-Newton, MA-NH",5A,5A,Hour1,3,Cold,None,Standard Efficiency,New England,New England,Northeast,Not in a census Place,"Gas, 100% Usage","EnergyStar, 100% Usage",Yes,"Propane, 100% Usage",70F,Yes,2F,Night Setback +1h,Not Applicable,G2500090,"G2500090, G25001300",None,"318 Rated kWh, 100% Usage",20 ft^2,Fiberglass,"0% Leakage, Uninsulated",2 ft,None,"data/cambium/LRMER_MidCase_15_2025start,data/cambium/LRMER_LowRECost_15_2025start,data/cambium/LRMER_95DecarbBy2035_15_2025start,data/cambium/LRMER_LowRECost_25_2025start","kg/MWh,kg/MWh,kg/MWh,kg/MWh","/lib/resources/data/cambium/LRMER_MidCase_15_2025start/NEWEc.csv,/lib/resources/data/cambium/LRMER_LowRECost_15_2025start/NEWEc.csv,/lib/resources/data/cambium/LRMER_95DecarbBy2035_15_2025start/NEWEc.csv,/lib/resources/data/cambium/LRMER_LowRECost_25_2025start/NEWEc.csv","lb/MBtu,lb/MBtu,lb/MBtu,lb/MBtu","195.9,195.9,195.9,195.9","147.3,147.3,147.3,147.3","177.8,177.8,177.8,177.8","LRMER_MidCase_15_2025start,LRMER_LowRECost_15_2025start,LRMER_95DecarbBy2035_15_2025start,LRMER_LowRECost_25_2025start","CO2e,CO2e,CO2e,CO2e","200.0,200.0,200.0,200.0",100-150%,NEWEc,Vented Attic,None,None,None,None,None,Single-Family Detached,Single-Family Detached,Single-Family Detached,1000-1499,0-1499,Heated Basement,None,1,1,<8,None,Concrete,No,Natural Gas,68F,No,0F,None,No Exterior Use,Uninsulated,100% Usage,"AC, SEER 15",100% Conditioned,Central AC,Yes,None,No,"Fuel Furnace, 92.5% AFUE",Ducted Heating,Natural Gas Fuel Furnace,None,None,None,No,None,None,None,None,25000-29999,20000-39999,20000-39999,20 ACH50,R-19,Uninsulated,Uninsulated,Uninsulated,"Unfinished, Uninsulated",None,"CMU, 6-in Hollow, Uninsulated","Summer = 0.7, Winter = 0.85",NEISO,100% CFL,100% Usage,100% Usage,CR03,None,None,None,None,None,None,None,None,None,None,None,"Cooling Season, 7 days/wk",Left/Right at 15ft,4,North,None,100%,99%,G25001300,"In metro area, not/partially in principal city",None,None,No,Hour12,131,"EF 17.6, 100% Usage","Tile, Concrete",Stochastic,1,1,2007,31,12,15,None,MA,Owner,1,Medium,Occupied,1960s,1960-79,Natural Gas Standard,Natural Gas,Yes,Beverly Muni AP,42.583,-70.917,F9 B9 L9 R9,"Single, Clear, Non-metal",40.73687873,58.02807186,37.80616803,66.82020396,1234.415347,171.739647,0,504.0822404,0,0,0,0,0,40.15073659,0,491.1871133,21.98033025,2673.687372,0,0,0,36.92695482,434.0382547,0,0,0,0,770.483843,0,0,0,23364.21184,0,7001.174791,0,0,0,0,0,0,0,1080.846106,38028.90204,38028.90204,5811.892389,5811.892389,0,31135.87048,1080.846106,1015.038573,0,7098.36316,297.4568044,1519.860572,0,7098.36316,297.4568044,1403.595323,0,7098.36316,297.4568044,1946.865172,0,7098.36316,297.4568044,8410.858537,8915.680537,8799.415287,9342.685136
1966,92845,0,242.1310127,TRUE,1220,"CBSA Boston-Cambridge-Newton, MA-NH",5A,5A,Hour0,3,Cold,None,Standard Efficiency,New England,New England,Northeast,"MA, Peabody","Electric, 120% Usage","EnergyStar, 120% Usage",Yes,"Electric, 120% Usage",65F,No,0F,None,Not Applicable,G2500090,"G2500090, G25001000",None,None,20 ft^2,Fiberglass,"30% Leakage, R-4",2 ft,None,"data/cambium/LRMER_MidCase_15_2025start,data/cambium/LRMER_LowRECost_15_2025start,data/cambium/LRMER_95DecarbBy2035_15_2025start,data/cambium/LRMER_LowRECost_25_2025start","kg/MWh,kg/MWh,kg/MWh,kg/MWh","/lib/resources/data/cambium/LRMER_MidCase_15_2025start/NEWEc.csv,/lib/resources/data/cambium/LRMER_LowRECost_15_2025start/NEWEc.csv,/lib/resources/data/cambium/LRMER_95DecarbBy2035_15_2025start/NEWEc.csv,/lib/resources/data/cambium/LRMER_LowRECost_25_2025start/NEWEc.csv","lb/MBtu,lb/MBtu,lb/MBtu,lb/MBtu","195.9,195.9,195.9,195.9","147.3,147.3,147.3,147.3","177.8,177.8,177.8,177.8","LRMER_MidCase_15_2025start,LRMER_LowRECost_15_2025start,LRMER_95DecarbBy2035_15_2025start,LRMER_LowRECost_25_2025start","CO2e,CO2e,CO2e,CO2e","200.0,200.0,200.0,200.0",200-300%,NEWEc,Vented Attic,None,None,None,None,None,Single-Family Detached,Single-Family Detached,Single-Family Detached,1000-1499,0-1499,Slab,None,1,1,<8,"Vinyl, Light",Wood Frame,No,Natural Gas,60F,Yes,6F,Night +2h,No Exterior Use,Uninsulated,200% Usage,"AC, SEER 10",100% Conditioned,Central AC,Yes,None,No,"Fuel Furnace, 80% AFUE",Ducted Heating,Natural Gas Fuel Furnace,None,None,None,No,None,None,None,None,25000-29999,20000-39999,20000-39999,20 ACH50,R-7,None,None,None,"Unfinished, Uninsulated",Uninsulated,"Wood Stud, Uninsulated","Summer = 0.7, Winter = 0.85",NEISO,100% CFL,100% Usage,100% Usage,CR03,None,EF 17.6,"EF 12, National Average",None,None,None,None,None,None,None,None,"Cooling Season, 7 days/wk",Left/Right at 15ft,1,Northeast,None,200%,99%,G25001000,"In metro area, not/partially in principal city",None,None,No,Hour18,131,"EF 17.6, 100% Usage","Asphalt Shingles, Medium",Stochastic,1,1,2007,31,12,15,None,MA,Owner,1,High,Occupied,1960s,1960-79,Natural Gas Standard,Natural Gas,Yes,Beverly Muni AP,42.583,-70.917,F15 B15 L15 R15,"Single, Clear, Non-metal",40.73687873,330.877238,19.34269062,833.7871942,3483.735809,0,319.7405374,408.2480005,0,0,0,0,0,40.15073659,0,491.1871133,21.98033025,3583.673044,0,0,0,407.3687873,868.0765093,0,0,0,0,0,0,0,0,23026.59397,0,4307.851658,0,0,0,0,0,0,0,0,38183.3505,38183.3505,10848.90487,10848.90487,0,27334.44563,0,1825.609045,0,6231.713248,0,2656.069543,0,6231.713248,0,2521.847479,0,6231.713248,0,3547.406219,0,6231.713248,0,8057.322294,8887.782791,8753.560727,9779.119468
2311,109587,0,242.1310127,TRUE,1220,"CBSA Boston-Cambridge-Newton, MA-NH",5A,5A,Hour18,3,Cold,None,Standard Efficiency,New England,New England,Northeast,In another census Place,"Electric, 100% Usage","EnergyStar, 100% Usage",Yes,"Electric, 100% Usage",78F,No,0F,None,Not Applicable,G2500090,"G2500090, G25000702",None,None,20 ft^2,Fiberglass,"10% Leakage, Uninsulated",2 ft,None,"data/cambium/LRMER_MidCase_15_2025start,data/cambium/LRMER_LowRECost_15_2025start,data/cambium/LRMER_95DecarbBy2035_15_2025start,data/cambium/LRMER_LowRECost_25_2025start","kg/MWh,kg/MWh,kg/MWh,kg/MWh","/lib/resources/data/cambium/LRMER_MidCase_15_2025start/NEWEc.csv,/lib/resources/data/cambium/LRMER_LowRECost_15_2025start/NEWEc.csv,/lib/resources/data/cambium/LRMER_95DecarbBy2035_15_2025start/NEWEc.csv,/lib/resources/data/cambium/LRMER_LowRECost_25_2025start/NEWEc.csv","lb/MBtu,lb/MBtu,lb/MBtu,lb/MBtu","195.9,195.9,195.9,195.9","147.3,147.3,147.3,147.3","177.8,177.8,177.8,177.8","LRMER_MidCase_15_2025start,LRMER_LowRECost_15_2025start,LRMER_95DecarbBy2035_15_2025start,LRMER_LowRECost_25_2025start","CO2e,CO2e,CO2e,CO2e","200.0,200.0,200.0,200.0",300-400%,NEWEc,Vented Attic,None,None,None,None,None,Single-Family Detached,Single-Family Detached,Single-Family Detached,1000-1499,0-1499,Unheated Basement,None,1,1,<8,"Vinyl, Light",Wood Frame,No,Natural Gas,68F,No,0F,None,No Exterior Use,Uninsulated,100% Usage,"Room AC, EER 10.7",40% Conditioned,Room AC,Yes,None,No,"Fuel Furnace, 80% AFUE",Ducted Heating,Natural Gas Fuel Furnace,None,None,None,No,None,None,None,None,60000-69999,60000-79999,60000-99999,30 ACH50,R-38,Uninsulated,Uninsulated,Uninsulated,"Unfinished, Uninsulated",None,"Wood Stud, R-7","Summer = 0.7, Winter = 0.85",NEISO,100% CFL,100% Usage,100% Usage,CR03,None,None,None,None,None,None,None,None,None,None,None,"Cooling Season, 7 days/wk",Left/Right at 15ft,3,West,None,100%,99%,G25000702,"In metro area, not/partially in principal city",None,None,No,Hour7,131,"EF 17.6, 100% Usage","Asphalt Shingles, Medium",Stochastic,1,1,2007,31,12,15,None,MA,Owner,1,Medium,Occupied,1970s,1960-79,Natural Gas Standard,Natural Gas,Yes,Beverly Muni AP,42.583,-70.917,F12 B12 L12 R12,"Double, Low-E, Non-metal, Air, M-Gain",40.73687873,524.5972153,30.77246235,0,151.8108143,0,0,771.3630562,0,0,0,0,0,40.15073659,0,491.1871133,21.98033025,2379.737088,0,0,0,471.2582806,434.0382547,0,0,0,0,0,0,0,0,30977.90517,0,5537.577868,0,0,0,0,0,0,0,0,41873.11527,41873.11527,5357.632231,5357.632231,0,36515.48304,0,919.3042745,0,8324.799817,0,1394.876824,0,8324.799817,0,1264.641836,0,8324.799817,0,1784.641036,0,8324.799817,0,9244.104092,9719.676641,9589.441653,10109.44085
2327,110250,0,242.1310127,TRUE,1220,"CBSA Boston-Cambridge-Newton, MA-NH",5A,5A,Hour20,3,Cold,None,Standard Efficiency,New England,New England,Northeast,"MA, Lawrence","Electric, 80% Usage","EnergyStar, 80% Usage",Yes,"Gas, 80% Usage",78F,Yes,2F,Night Setup +4h,Not Applicable,G2500090,"G2500090, G25000701",None,None,20 ft^2,Fiberglass,"10% Leakage, Uninsulated",2 ft,None,"data/cambium/LRMER_MidCase_15_2025start,data/cambium/LRMER_LowRECost_15_2025start,data/cambium/LRMER_95DecarbBy2035_15_2025start,data/cambium/LRMER_LowRECost_25_2025start","kg/MWh,kg/MWh,kg/MWh,kg/MWh","/lib/resources/data/cambium/LRMER_MidCase_15_2025start/NEWEc.csv,/lib/resources/data/cambium/LRMER_LowRECost_15_2025start/NEWEc.csv,/lib/resources/data/cambium/LRMER_95DecarbBy2035_15_2025start/NEWEc.csv,/lib/resources/data/cambium/LRMER_LowRECost_25_2025start/NEWEc.csv","lb/MBtu,lb/MBtu,lb/MBtu,lb/MBtu","195.9,195.9,195.9,195.9","147.3,147.3,147.3,147.3","177.8,177.8,177.8,177.8","LRMER_MidCase_15_2025start,LRMER_LowRECost_15_2025start,LRMER_95DecarbBy2035_15_2025start,LRMER_LowRECost_25_2025start","CO2e,CO2e,CO2e,CO2e","200.0,200.0,200.0,200.0",200-300%,NEWEc,Vented Attic,None,None,None,None,None,Single-Family Detached,Single-Family Detached,Single-Family Detached,1000-1499,0-1499,Vented Crawlspace,None,1,1,<8,"Vinyl, Light",Wood Frame,No,Natural Gas,70F,Yes,12F,Day and Night +5h,No Exterior Use,Uninsulated,50% Usage,"AC, SEER 10",100% Conditioned,Central AC,Yes,None,No,"Fuel Furnace, 80% AFUE",Ducted Heating,Natural Gas Fuel Furnace,None,None,None,No,None,None,None,None,35000-39999,20000-39999,20000-39999,30 ACH50,R-30,Uninsulated,Uninsulated,Uninsulated,"Unfinished, Uninsulated",None,"Wood Stud, Uninsulated","Summer = 0.7, Winter = 0.85",NEISO,100% CFL,100% Usage,100% Usage,CR03,None,None,None,None,None,None,None,None,None,None,Typical Efficiency,"Cooling Season, 7 days/wk",Left/Right at 15ft,2,West,None,50%,99%,G25000701,"In metro area, not/partially in principal city",None,None,No,Hour17,131,"EF 17.6, 100% Usage",Composition Shingles,Stochastic,1,1,2007,31,12,15,None,MA,Owner,1,Low,Occupied,1950s,1940-59,Natural Gas Standard,Natural Gas,Yes,Beverly Muni AP,42.583,-70.917,F12 B12 L12 R12,"Double, Low-E, Non-metal, Air, M-Gain",40.73687873,320.0336084,18.75654848,29.01403593,670.2535371,0,0,859.8705194,0,0,0,0,0,40.15073659,0,491.1871133,21.98033025,1042.746867,0,0,0,22.27340132,434.0382547,327.0673141,0,0,0,0,0,0,0,34530.51268,0,2957.087096,0,0,650.9108465,0,0,0,0,0,42456.61977,42456.61977,4318.402216,4318.402216,0,38138.21755,0,753.0563206,0,8694.747486,0,1138.989038,0,8694.747486,0,1039.662288,0,8694.747486,0,1454.872579,0,8694.747486,0,9447.803807,9833.736525,9734.409775,10149.62007
3063,143597,0,242.1310127,TRUE,1220,"CBSA Boston-Cambridge-Newton, MA-NH",5A,5A,Hour14,3,Cold,None,None,New England,New England,Northeast,Not in a census Place,None,"EnergyStar, 80% Usage",Yes,"Gas, 80% Usage",72F,No,0F,None,Not Applicable,G2500090,"G2500090, G25000703",None,"290 Rated kWh, 80% Usage",20 ft^2,Fiberglass,"20% Leakage, R-4",2 ft,None,"data/cambium/LRMER_MidCase_15_2025start,data/cambium/LRMER_LowRECost_15_2025start,data/cambium/LRMER_95DecarbBy2035_15_2025start,data/cambium/LRMER_LowRECost_25_2025start","kg/MWh,kg/MWh,kg/MWh,kg/MWh","/lib/resources/data/cambium/LRMER_MidCase_15_2025start/NEWEc.csv,/lib/resources/data/cambium/LRMER_LowRECost_15_2025start/NEWEc.csv,/lib/resources/data/cambium/LRMER_95DecarbBy2035_15_2025start/NEWEc.csv,/lib/resources/data/cambium/LRMER_LowRECost_25_2025start/NEWEc.csv","lb/MBtu,lb/MBtu,lb/MBtu,lb/MBtu","195.9,195.9,195.9,195.9","147.3,147.3,147.3,147.3","177.8,177.8,177.8,177.8","LRMER_MidCase_15_2025start,LRMER_LowRECost_15_2025start,LRMER_95DecarbBy2035_15_2025start,LRMER_LowRECost_25_2025start","CO2e,CO2e,CO2e,CO2e","200.0,200.0,200.0,200.0",150-200%,NEWEc,Vented Attic,None,None,None,None,None,Single-Family Detached,Single-Family Detached,Single-Family Detached,1000-1499,0-1499,Slab,None,1,1,<8,"Wood, Medium/Dark",Wood Frame,No,Natural Gas,68F,No,0F,None,No Exterior Use,Uninsulated,50% Usage,"AC, SEER 13",100% Conditioned,Central AC,Yes,None,No,"Fuel Furnace, 92.5% AFUE",Ducted Heating,Natural Gas Fuel Furnace,None,None,None,No,None,None,None,None,40000-44999,40000-59999,40000-59999,25 ACH50,R-38,None,None,None,"Unfinished, Uninsulated",Uninsulated,"Wood Stud, Uninsulated","Summer = 0.7, Winter = 0.85",NEISO,100% CFL,100% Usage,100% Usage,CR03,None,None,None,None,None,None,None,None,None,None,Typical Efficiency,"Cooling Season, 7 days/wk",Left/Right at 15ft,4,West,None,50%,99%,G25000703,"In metro area, not/partially in principal city",None,None,No,Hour23,131,"EF 19.9, 100% Usage",Composition Shingles,Stochastic,1,1,2007,31,12,15,None,MA,Owner,1,Low,Occupied,1960s,1960-79,Natural Gas Standard,Natural Gas,Yes,Beverly Muni AP,42.583,-70.917,F9 B9 L9 R9,"Double, Low-E, Non-metal, Air, M-Gain",0,0,30.18632021,167.0505099,1354.574486,128.3651287,0,620.1383841,0,0,0,0,0,40.15073659,0,491.1871133,21.98033025,1336.990221,0,0,0,29.60017807,400.0420106,439.8996761,0,0,0,0,0,0,0,28730.63621,0,4308.4378,0,0,864.8527276,0,0,0,0,0,38964.09183,38964.09183,5060.165095,5060.165095,0,33903.92673,0,876.7300947,0,7729.364124,0,1298.94612,0,7729.364124,0,1210.567729,0,7729.364124,0,1692.026546,0,7729.364124,0,8606.094219,9028.310244,8939.931853,9421.39067
4177,197327,0,242.1310127,TRUE,1220,"CBSA Boston-Cambridge-Newton, MA-NH",5A,5A,Hour5,3,Cold,None,None,New England,New England,Northeast,Not in a census Place,"Gas, 100% Usage","EnergyStar, 100% Usage",Yes,"Gas, 100% Usage",70F,No,0F,None,Not Applicable,G2500090,"G2500090, G25001300",None,"290 Rated kWh, 100% Usage",20 ft^2,Fiberglass,"20% Leakage, R-4",2 ft,None,"data/cambium/LRMER_MidCase_15_2025start,data/cambium/LRMER_LowRECost_15_2025start,data/cambium/LRMER_95DecarbBy2035_15_2025start,data/cambium/LRMER_LowRECost_25_2025start","kg/MWh,kg/MWh,kg/MWh,kg/MWh","/lib/resources/data/cambium/LRMER_MidCase_15_2025start/NEWEc.csv,/lib/resources/data/cambium/LRMER_LowRECost_15_2025start/NEWEc.csv,/lib/resources/data/cambium/LRMER_95DecarbBy2035_15_2025start/NEWEc.csv,/lib/resources/data/cambium/LRMER_LowRECost_25_2025start/NEWEc.csv","lb/MBtu,lb/MBtu,lb/MBtu,lb/MBtu","195.9,195.9,195.9,195.9","147.3,147.3,147.3,147.3","177.8,177.8,177.8,177.8","LRMER_MidCase_15_2025start,LRMER_LowRECost_15_2025start,LRMER_95DecarbBy2035_15_2025start,LRMER_LowRECost_25_2025start","CO2e,CO2e,CO2e,CO2e","200.0,200.0,200.0,200.0",400%+,NEWEc,Vented Attic,None,None,None,None,None,Single-Family Detached,Single-Family Detached,Single-Family Detached,1000-1499,0-1499,Slab,None,1,1,<8,"Vinyl, Light",Concrete,No,Natural Gas,70F,No,0F,None,No Exterior Use,Uninsulated,100% Usage,None,None,None,Yes,None,No,"Fuel Furnace, 80% AFUE",Ducted Heating,Natural Gas Fuel Furnace,None,None,None,No,None,None,None,None,160000-179999,140000+,150000+,20 ACH50,R-13,None,None,None,"Unfinished, Uninsulated",Uninsulated,"CMU, 6-in Hollow, Uninsulated","Summer = 0.7, Winter = 0.85",NEISO,100% LED,100% Usage,100% Usage,CR03,None,None,None,None,None,None,None,None,None,None,None,"Cooling Season, 7 days/wk",Left/Right at 15ft,4,Southwest,None,100%,99%,G25001300,"In metro area, not/partially in principal city",None,None,No,Hour19,131,"EF 17.6, 100% Usage",Composition Shingles,Stochastic,1,1,2007,31,12,15,None,MA,Owner,1,Medium,Occupied,1950s,1940-59,Natural Gas Standard,Natural Gas,Yes,Beverly Muni AP,42.583,-70.917,F18 B18 L18 R18,"Double, Clear, Non-metal, Air",0,58.02807186,37.80616803,0,0,160.6029464,0,892.6944792,0,0,0,0,0,26.96253844,0,375.1309696,21.98033025,2673.687372,0,0,0,36.92695482,434.0382547,0,0,0,0,770.483843,0,0,0,35839.66115,0,6848.484764,0,0,1080.846106,0,0,0,0,0,49257.04088,49257.04088,4717.565014,4717.565014,0,44539.47586,0,816.6726505,0,10154.08432,0,1249.620671,0,10154.08432,0,1124.862811,0,10154.08432,0,1580.615188,0,10154.08432,0,10970.75697,11403.70499,11278.94713,11734.69951
4438,209579,0,242.1310127,TRUE,1220,"CBSA Boston-Cambridge-Newton, MA-NH",5A,5A,Hour2,3,Cold,None,Standard Efficiency,New England,New England,Northeast,Not in a census Place,"Electric, 80% Usage","EnergyStar, 80% Usage",Yes,None,75F,No,0F,None,Not Applicable,G2500090,"G2500090, G25000702",None,None,20 ft^2,Fiberglass,"20% Leakage, Uninsulated",2 ft,None,"data/cambium/LRMER_MidCase_15_2025start,data/cambium/LRMER_LowRECost_15_2025start,data/cambium/LRMER_95DecarbBy2035_15_2025start,data/cambium/LRMER_LowRECost_25_2025start","kg/MWh,kg/MWh,kg/MWh,kg/MWh","/lib/resources/data/cambium/LRMER_MidCase_15_2025start/NEWEc.csv,/lib/resources/data/cambium/LRMER_LowRECost_15_2025start/NEWEc.csv,/lib/resources/data/cambium/LRMER_95DecarbBy2035_15_2025start/NEWEc.csv,/lib/resources/data/cambium/LRMER_LowRECost_25_2025start/NEWEc.csv","lb/MBtu,lb/MBtu,lb/MBtu,lb/MBtu","195.9,195.9,195.9,195.9","147.3,147.3,147.3,147.3","177.8,177.8,177.8,177.8","LRMER_MidCase_15_2025start,LRMER_LowRECost_15_2025start,LRMER_95DecarbBy2035_15_2025start,LRMER_LowRECost_25_2025start","CO2e,CO2e,CO2e,CO2e","200.0,200.0,200.0,200.0",200-300%,NEWEc,Vented Attic,None,None,None,None,None,Single-Family Detached,Single-Family Detached,Single-Family Detached,1000-1499,0-1499,Unheated Basement,1 Car,1,1,<8,"Wood, Medium/Dark",Wood Frame,No,Natural Gas,67F,Yes,3F,Night +5h,No Exterior Use,Uninsulated,50% Usage,"AC, SEER 15",100% Conditioned,Central AC,Yes,None,No,"Fuel Furnace, 92.5% AFUE",Ducted Heating,Natural Gas Fuel Furnace,None,None,None,No,None,None,None,None,40000-44999,40000-59999,40000-59999,15 ACH50,R-49,Uninsulated,Uninsulated,Uninsulated,"Unfinished, Uninsulated",None,"Wood Stud, Uninsulated","Summer = 0.7, Winter = 0.85",NEISO,100% LED,100% Usage,100% Usage,CR03,None,EF 15.9,None,None,None,None,None,None,None,None,None,"Cooling Season, 7 days/wk",Left/Right at 15ft,3,South,None,50%,99%,G25000702,"In metro area, not/partially in principal city",None,None,No,Hour14,131,"EF 19.9, 100% Usage",Composition Shingles,Stochastic,1,1,2007,31,12,15,None,MA,Owner,1,Low,Occupied,1950s,1940-59,Natural Gas Standard,Natural Gas,Yes,Beverly Muni AP,42.583,-70.917,F12 B12 L12 R12,"Double, Clear, Metal, Air",40.73687873,419.6777722,24.61796988,129.830484,794.8087418,0,0,488.8425448,0,0,0,0,0,26.96253844,16.70505099,375.1309696,21.98033025,1189.868544,0,0,0,0,880.0924232,0,0,0,0,0,0,0,0,22635.63716,0,3560.813501,0,0,0,0,0,0,0,0,30605.70491,30605.70491,4408.961177,4408.961177,0,26196.74373,0,758.8409841,0,5972.296514,0,1132.164288,0,5972.296514,0,1045.769002,0,5972.296514,0,1468.470825,0,5972.296514,0,6731.137499,7104.460802,7018.065517,7440.767339
4882,229331,0,242.1310127,TRUE,1220,"CBSA Boston-Cambridge-Newton, MA-NH",5A,5A,Hour17,3,Cold,None,Standard Efficiency,New England,New England,Northeast,Not in a census Place,"Gas, 100% Usage","EnergyStar, 100% Usage",Yes,"Gas, 100% Usage",70F,No,0F,None,Not Applicable,G2500090,"G2500090, G25000703",None,None,20 ft^2,Fiberglass,"10% Leakage, Uninsulated",2 ft,None,"data/cambium/LRMER_MidCase_15_2025start,data/cambium/LRMER_LowRECost_15_2025start,data/cambium/LRMER_95DecarbBy2035_15_2025start,data/cambium/LRMER_LowRECost_25_2025start","kg/MWh,kg/MWh,kg/MWh,kg/MWh","/lib/resources/data/cambium/LRMER_MidCase_15_2025start/NEWEc.csv,/lib/resources/data/cambium/LRMER_LowRECost_15_2025start/NEWEc.csv,/lib/resources/data/cambium/LRMER_95DecarbBy2035_15_2025start/NEWEc.csv,/lib/resources/data/cambium/LRMER_LowRECost_25_2025start/NEWEc.csv","lb/MBtu,lb/MBtu,lb/MBtu,lb/MBtu","195.9,195.9,195.9,195.9","147.3,147.3,147.3,147.3","177.8,177.8,177.8,177.8","LRMER_MidCase_15_2025start,LRMER_LowRECost_15_2025start,LRMER_95DecarbBy2035_15_2025start,LRMER_LowRECost_25_2025start","CO2e,CO2e,CO2e,CO2e","200.0,200.0,200.0,200.0",200-300%,NEWEc,Vented Attic,None,None,None,None,None,Single-Family Detached,Single-Family Detached,Single-Family Detached,1000-1499,0-1499,Unheated Basement,None,1,1,<8,"Wood, Medium/Dark",Wood Frame,No,Natural Gas,65F,No,0F,None,No Exterior Use,Uninsulated,100% Usage,"AC, SEER 13",100% Conditioned,Central AC,Yes,None,No,"Fuel Furnace, 76% AFUE",Ducted Heating,Natural Gas Fuel Furnace,None,None,None,No,None,None,None,None,50000-59999,40000-59999,40000-59999,15 ACH50,R-19,Uninsulated,Uninsulated,Uninsulated,"Unfinished, Uninsulated",None,"Wood Stud, Uninsulated","Summer = 0.7, Winter = 0.85",NEISO,100% LED,100% Usage,100% Usage,CR03,None,None,None,None,None,None,None,None,None,None,None,"Cooling Season, 7 days/wk",Left/Right at 15ft,3,West,None,100%,99%,G25000703,"In metro area, not/partially in principal city",None,None,No,Hour9,131,"EF 17.6, 100% Usage",Composition Shingles,Stochastic,1,1,2007,31,12,15,None,MA,Owner,1,Medium,Occupied,1950s,1940-59,Natural Gas Standard,Natural Gas,Yes,Beverly Muni AP,42.583,-70.917,F15 B15 L15 R15,"Single, Clear, Non-metal",40.73687873,46.8913712,30.77246235,496.1693215,1723.257892,0,0,556.835033,0,0,0,0,0,26.96253844,0,375.1309696,21.98033025,2379.737088,0,0,0,32.2378177,434.0382547,0,0,0,0,622.7760238,0,0,0,26517.36348,0,5613.776346,0,0,947.2056982,0,0,0,0,0,39865.57844,39865.57844,6164.456886,6164.456886,0,33701.41462,0,1062.663957,0,7683.207471,0,1561.896338,0,7683.207471,0,1467.352266,0,7683.207471,0,2049.751261,0,7683.207471,0,8745.871429,9245.10381,9150.559738,9732.958733
5909,278451,0,242.1310127,TRUE,1220,"CBSA Boston-Cambridge-Newton, MA-NH",5A,5A,Hour4,3,Cold,None,Standard Efficiency,New England,New England,Northeast,"MA, Salem","Electric, 80% Usage","Standard, 80% Usage",Yes,"Electric, 80% Usage",70F,No,0F,None,Not Applicable,G2500090,"G2500090, G25000703",None,None,20 ft^2,Fiberglass,"20% Leakage, Uninsulated",2 ft,None,"data/cambium/LRMER_MidCase_15_2025start,data/cambium/LRMER_LowRECost_15_2025start,data/cambium/LRMER_95DecarbBy2035_15_2025start,data/cambium/LRMER_LowRECost_25_2025start","kg/MWh,kg/MWh,kg/MWh,kg/MWh","/lib/resources/data/cambium/LRMER_MidCase_15_2025start/NEWEc.csv,/lib/resources/data/cambium/LRMER_LowRECost_15_2025start/NEWEc.csv,/lib/resources/data/cambium/LRMER_95DecarbBy2035_15_2025start/NEWEc.csv,/lib/resources/data/cambium/LRMER_LowRECost_25_2025start/NEWEc.csv","lb/MBtu,lb/MBtu,lb/MBtu,lb/MBtu","195.9,195.9,195.9,195.9","147.3,147.3,147.3,147.3","177.8,177.8,177.8,177.8","LRMER_MidCase_15_2025start,LRMER_LowRECost_15_2025start,LRMER_95DecarbBy2035_15_2025start,LRMER_LowRECost_25_2025start","CO2e,CO2e,CO2e,CO2e","200.0,200.0,200.0,200.0",400%+,NEWEc,Vented Attic,None,None,None,None,None,Single-Family Detached,Single-Family Detached,Single-Family Detached,1000-1499,0-1499,Vented Crawlspace,1 Car,1,1,<8,"Vinyl, Light",Wood Frame,No,Natural Gas,76F,Yes,3F,Night +4h,No Exterior Use,Uninsulated,50% Usage,"Room AC, EER 10.7",20% Conditioned,Room AC,Yes,None,No,"Fuel Furnace, 92.5% AFUE",Ducted Heating,Natural Gas Fuel Furnace,None,None,None,No,None,None,None,None,180000-199999,140000+,150000+,20 ACH50,R-38,Uninsulated,Uninsulated,Uninsulated,"Unfinished, Uninsulated",None,"Wood Stud, Uninsulated","Summer = 0.7, Winter = 0.85",NEISO,100% LED,100% Usage,100% Usage,CR03,None,None,"EF 12, National Average",None,None,None,None,None,None,None,Typical Efficiency,"Cooling Season, 7 days/wk",Left/Right at 15ft,4,East,None,50%,99%,G25000703,"In metro area, not/partially in principal city",None,None,No,Hour22,131,"EF 17.6, 100% Usage",Wood Shingles,Stochastic,1,1,2007,31,12,15,None,MA,Owner,1,Low,Occupied,1950s,1940-59,Electric Standard,Electricity,Yes,Beverly Muni AP,42.583,-70.917,F6 B6 L6 R6,"Single, Clear, Non-metal",40.73687873,989.7010034,36.92695482,0,188.444698,0,319.7405374,836.1317627,0,0,0,0,2570.233284,26.96253844,16.70505099,375.1309696,21.98033025,1336.990221,0,0,0,429.9352597,434.0382547,439.8996761,0,0,0,0,0,0,0,38734.03104,0,0,0,0,0,0,0,0,0,0,46797.00232,46797.00232,8062.971278,8062.971278,0,38734.03104,0,1374.323646,0,8830.556671,0,2069.741077,0,8830.556671,0,1882.954914,0,8830.556671,0,2675.691949,0,8830.556671,0,10204.88032,10900.29775,10713.51159,11506.24862
5941,279706,0,242.1310127,TRUE,1220,"CBSA Boston-Cambridge-Newton, MA-NH",5A,5A,Hour5,2,Cold,None,Standard Efficiency,New England,New England,Northeast,"MA, Lawrence","Electric, 100% Usage","Standard, 100% Usage",Yes,"Propane, 100% Usage",72F,Yes,2F,Night Setback -2h,Not Applicable,G2500090,"G2500090, G25000701",None,None,20 ft^2,Fiberglass,"20% Leakage, Uninsulated",2 ft,None,"data/cambium/LRMER_MidCase_15_2025start,data/cambium/LRMER_LowRECost_15_2025start,data/cambium/LRMER_95DecarbBy2035_15_2025start,data/cambium/LRMER_LowRECost_25_2025start","kg/MWh,kg/MWh,kg/MWh,kg/MWh","/lib/resources/data/cambium/LRMER_MidCase_15_2025start/NEWEc.csv,/lib/resources/data/cambium/LRMER_LowRECost_15_2025start/NEWEc.csv,/lib/resources/data/cambium/LRMER_95DecarbBy2035_15_2025start/NEWEc.csv,/lib/resources/data/cambium/LRMER_LowRECost_25_2025start/NEWEc.csv","lb/MBtu,lb/MBtu,lb/MBtu,lb/MBtu","195.9,195.9,195.9,195.9","147.3,147.3,147.3,147.3","177.8,177.8,177.8,177.8","LRMER_MidCase_15_2025start,LRMER_LowRECost_15_2025start,LRMER_95DecarbBy2035_15_2025start,LRMER_LowRECost_25_2025start","CO2e,CO2e,CO2e,CO2e","200.0,200.0,200.0,200.0",400%+,NEWEc,Vented Attic,None,None,None,None,None,Single-Family Detached,Single-Family Detached,Single-Family Detached,1000-1499,0-1499,Unheated Basement,None,1,1,<8,"Wood, Medium/Dark",Wood Frame,No,Natural Gas,70F,Yes,3F,Night -2h,No Exterior Use,Uninsulated,100% Usage,None,None,None,Yes,None,No,"Fuel Furnace, 80% AFUE",Ducted Heating,Natural Gas Fuel Furnace,None,None,None,No,None,None,None,None,60000-69999,60000-79999,60000-99999,30 ACH50,R-30,Uninsulated,Uninsulated,Uninsulated,"Unfinished, Uninsulated",None,"Wood Stud, Uninsulated","Summer = 0.7, Winter = 0.85",NEISO,100% Incandescent,100% Usage,100% Usage,CR03,None,EF 15.9,None,None,None,None,None,None,None,None,Typical Efficiency,"Cooling Season, 7 days/wk",Left/Right at 15ft,1,Southwest,None,100%,99%,G25000701,"In metro area, not/partially in principal city",None,None,No,Hour11,131,"EF 15.9, 100% Usage",Composition Shingles,Stochastic,1,1,2007,31,12,15,None,MA,Owner,1,Medium,Occupied,<1940,<1940,Natural Gas Standard,Natural Gas,Yes,Beverly Muni AP,42.583,-70.917,F9 B9 L9 R9,"Single, Clear, Non-metal",40.73687873,525.7694996,19.63576169,0,0,0,0,984.4257241,0,0,0,0,0,160.8960174,0,1535.399336,16.41197992,1791.836522,0,0,0,23.15261453,960.1008253,270.7976687,0,0,0,0,0,0,0,39536.16656,0,2921.625497,0,0,0,0,0,0,0,679.6318113,49466.87976,49466.87976,6329.455899,6329.455899,0,42457.79205,679.6318113,1083.240722,0,9679.477471,187.0565039,1648.972012,0,9679.477471,187.0565039,1486.582315,0,9679.477471,187.0565039,2107.554805,0,9679.477471,187.0565039,10949.7747,11515.50599,11353.11629,11974.08878
6716,316410,0,242.1310127,TRUE,1220,"CBSA Boston-Cambridge-Newton, MA-NH",5A,5A,Hour9,2,Cold,None,None,New England,New England,Northeast,In another census Place,"Electric, 100% Usage","EnergyStar, 100% Usage",Yes,"Electric, 100% Usage",70F,No,0F,None,Not Applicable,G2500090,"G2500090, G25000703",None,None,20 ft^2,Fiberglass,"0% Leakage, Uninsulated",2 ft,None,"data/cambium/LRMER_MidCase_15_2025start,data/cambium/LRMER_LowRECost_15_2025start,data/cambium/LRMER_95DecarbBy2035_15_2025start,data/cambium/LRMER_LowRECost_25_2025start","kg/MWh,kg/MWh,kg/MWh,kg/MWh","/lib/resources/data/cambium/LRMER_MidCase_15_2025start/NEWEc.csv,/lib/resources/data/cambium/LRMER_LowRECost_15_2025start/NEWEc.csv,/lib/resources/data/cambium/LRMER_95DecarbBy2035_15_2025start/NEWEc.csv,/lib/resources/data/cambium/LRMER_LowRECost_25_2025start/NEWEc.csv","lb/MBtu,lb/MBtu,lb/MBtu,lb/MBtu","195.9,195.9,195.9,195.9","147.3,147.3,147.3,147.3","177.8,177.8,177.8,177.8","LRMER_MidCase_15_2025start,LRMER_LowRECost_15_2025start,LRMER_95DecarbBy2035_15_2025start,LRMER_LowRECost_25_2025start","CO2e,CO2e,CO2e,CO2e","200.0,200.0,200.0,200.0",400%+,NEWEc,Vented Attic,None,None,None,None,None,Single-Family Detached,Single-Family Detached,Single-Family Detached,1000-1499,0-1499,Heated Basement,1 Car,1,1,<8,"Wood, Medium/Dark",Wood Frame,No,Natural Gas,68F,No,0F,None,No Exterior Use,Uninsulated,100% Usage,"AC, SEER 10",100% Conditioned,Central AC,Yes,None,No,"Fuel Furnace, 80% AFUE",Ducted Heating,Natural Gas Fuel Furnace,None,None,None,No,None,None,None,None,120000-139999,120000-139999,100000-149999,30 ACH50,R-7,Uninsulated,Uninsulated,Uninsulated,"Unfinished, Uninsulated",None,"Wood Stud, Uninsulated","Summer = 0.7, Winter = 0.85",NEISO,100% CFL,100% Usage,100% Usage,CR03,None,None,"EF 12, National Average",None,None,None,None,Has Pool,None,1.0 HP Pump,None,"Cooling Season, 7 days/wk",Left/Right at 15ft,2,South,None,100%,99%,G25000703,"In metro area, not/partially in principal city",None,None,No,Hour11,131,"EF 17.6, 100% Usage",Composition Shingles,Stochastic,1,1,2007,31,12,15,None,MA,Renter,1,Medium,Occupied,1960s,1960-79,Natural Gas Standard,Natural Gas,Yes,Beverly Muni AP,42.583,-70.917,F9 B9 L9 R9,"Double, Low-E, Non-metal, Air, M-Gain",0,400.0420106,23.4456856,106.9709406,1609.546316,0,319.7405374,815.3237167,0,0,0,0,0,40.15073659,24.91104095,491.1871133,16.41197992,2085.786805,0,1853.381447,0,405.6103609,434.0382547,0,0,0,0,0,0,0,0,32748.3475,0,4278.837622,0,0,0,0,0,0,0,0,45653.439,45653.439,8626.253874,8626.253874,0,37027.18513,0,1432.60074,0,8441.435652,0,2123.786154,0,8441.435652,0,1972.790244,0,8441.435652,0,2805.513261,0,8441.435652,0,9874.036393,10565.22181,10414.2259,11246.94891
6717,316447,0,242.1310127,TRUE,1220,"CBSA Boston-Cambridge-Newton, MA-NH",5A,5A,Hour22,2,Cold,None,None,New England,New England,Northeast,"MA, Lawrence","Electric, 80% Usage","Standard, 80% Usage",Yes,"Gas, 80% Usage",70F,No,0F,None,Not Applicable,G2500090,"G2500090, G25000701",None,"318 Rated kWh, 80% Usage",20 ft^2,Fiberglass,"30% Leakage, Uninsulated",2 ft,None,"data/cambium/LRMER_MidCase_15_2025start,data/cambium/LRMER_LowRECost_15_2025start,data/cambium/LRMER_95DecarbBy2035_15_2025start,data/cambium/LRMER_LowRECost_25_2025start","kg/MWh,kg/MWh,kg/MWh,kg/MWh","/lib/resources/data/cambium/LRMER_MidCase_15_2025start/NEWEc.csv,/lib/resources/data/cambium/LRMER_LowRECost_15_2025start/NEWEc.csv,/lib/resources/data/cambium/LRMER_95DecarbBy2035_15_2025start/NEWEc.csv,/lib/resources/data/cambium/LRMER_LowRECost_25_2025start/NEWEc.csv","lb/MBtu,lb/MBtu,lb/MBtu,lb/MBtu","195.9,195.9,195.9,195.9","147.3,147.3,147.3,147.3","177.8,177.8,177.8,177.8","LRMER_MidCase_15_2025start,LRMER_LowRECost_15_2025start,LRMER_95DecarbBy2035_15_2025start,LRMER_LowRECost_25_2025start","CO2e,CO2e,CO2e,CO2e","200.0,200.0,200.0,200.0",400%+,NEWEc,Vented Attic,None,None,None,None,None,Single-Family Detached,Single-Family Detached,Single-Family Detached,1000-1499,0-1499,Unheated Basement,None,1,1,<8,"Wood, Medium/Dark",Wood Frame,No,Natural Gas,68F,Yes,6F,Night -2h,No Exterior Use,Uninsulated,50% Usage,"AC, SEER 15",80% Conditioned,Central AC,Yes,None,No,"Fuel Furnace, 80% AFUE",Ducted Heating,Natural Gas Fuel Furnace,None,None,None,No,None,None,None,None,80000-99999,80000-99999,60000-99999,15 ACH50,R-38,Uninsulated,Uninsulated,Uninsulated,"Unfinished, Uninsulated",None,"Wood Stud, R-7","Summer = 0.7, Winter = 0.85",NEISO,100% CFL,100% Usage,100% Usage,CR03,None,EF 6.7,None,None,None,None,None,None,None,None,None,"Cooling Season, 7 days/wk",Left/Right at 15ft,2,West,None,50%,99%,G25000701,"In metro area, not/partially in principal city",None,None,No,Hour21,131,"EF 17.6, 100% Usage","Asphalt Shingles, Medium",Stochastic,1,1,2007,31,12,15,None,MA,Owner,1,Low,Occupied,1970s,1960-79,Natural Gas Standard,Natural Gas,Yes,Beverly Muni AP,42.583,-70.917,F9 B9 L9 R9,"Double, Clear, Metal, Air",0,610.1739677,22.85954346,173.7911445,1029.85174,77.95690462,0,566.7994494,0,0,0,0,0,40.15073659,0,491.1871133,16.41197992,1042.746867,0,0,0,22.27340132,1790.078096,0,0,0,0,0,0,0,0,22767.81222,0,3257.191872,0,0,650.9108465,0,0,0,0,0,32560.19588,32560.19588,5884.574015,5884.574015,0,26675.62186,0,1010.255441,0,6081.494795,0,1502.495696,0,6081.494795,0,1390.469267,0,6081.494795,0,1954.941384,0,6081.494795,0,7091.750237,7583.990491,7471.964062,8036.436179
6752,318872,0,242.1310127,TRUE,1220,"CBSA Boston-Cambridge-Newton, MA-NH",5A,5A,Hour8,2,Cold,None,Standard Efficiency,New England,New England,Northeast,Not in a census Place,"Gas, 120% Usage","Standard, 120% Usage",Yes,"Gas, 120% Usage",68F,Yes,2F,Night Setback +5h,Not Applicable,G2500090,"G2500090, G25000703",None,"290 Rated kWh, 120% Usage",20 ft^2,Fiberglass,"10% Leakage, R-4",2 ft,None,"data/cambium/LRMER_MidCase_15_2025start,data/cambium/LRMER_LowRECost_15_2025start,data/cambium/LRMER_95DecarbBy2035_15_2025start,data/cambium/LRMER_LowRECost_25_2025start","kg/MWh,kg/MWh,kg/MWh,kg/MWh","/lib/resources/data/cambium/LRMER_MidCase_15_2025start/NEWEc.csv,/lib/resources/data/cambium/LRMER_LowRECost_15_2025start/NEWEc.csv,/lib/resources/data/cambium/LRMER_95DecarbBy2035_15_2025start/NEWEc.csv,/lib/resources/data/cambium/LRMER_LowRECost_25_2025start/NEWEc.csv","lb/MBtu,lb/MBtu,lb/MBtu,lb/MBtu","195.9,195.9,195.9,195.9","147.3,147.3,147.3,147.3","177.8,177.8,177.8,177.8","LRMER_MidCase_15_2025start,LRMER_LowRECost_15_2025start,LRMER_95DecarbBy2035_15_2025start,LRMER_LowRECost_25_2025start","CO2e,CO2e,CO2e,CO2e","200.0,200.0,200.0,200.0",400%+,NEWEc,Vented Attic,None,None,None,None,None,Single-Family Detached,Single-Family Detached,Single-Family Detached,1000-1499,0-1499,Slab,None,1,1,<8,"Vinyl, Light",Wood Frame,No,Natural Gas,70F,No,0F,None,No Exterior Use,Uninsulated,200% Usage,"AC, SEER 13",100% Conditioned,Central AC,Yes,None,No,"Fuel Furnace, 92.5% AFUE",Ducted Heating,Natural Gas Fuel Furnace,None,None,None,No,None,None,None,None,140000-159999,140000+,100000-149999,7 ACH50,R-38,None,None,None,"Unfinished, Uninsulated",Uninsulated,"Wood Stud, Uninsulated","Summer = 0.7, Winter = 0.85",NEISO,100% CFL,100% Usage,100% Usage,CR03,None,None,None,None,None,None,None,None,None,None,None,"Cooling Season, 7 days/wk",Left/Right at 15ft,2,South,None,200%,99%,G25000703,"In metro area, not/partially in principal city",None,None,No,Hour22,131,"EF 17.6, 100% Usage","Asphalt Shingles, Medium",Stochastic,1,1,2007,31,12,15,None,MA,Owner,1,High,Occupied,1960s,1960-79,Natural Gas Standard,Natural Gas,Yes,Beverly Muni AP,42.583,-70.917,F12 B12 L12 R12,"Single, Clear, Non-metal",40.73687873,81.76682853,34.28931519,255.8510441,1573.791646,109.3155091,0,463.3453617,0,0,0,0,0,40.15073659,0,491.1871133,16.41197992,4171.57361,0,0,0,33.41010198,434.0382547,0,0,0,0,1087.000599,0,0,0,21459.24989,0,7459.537945,0,0,976.2197342,0,0,0,0,0,38727.58347,38727.58347,7745.86838,7745.86838,0,30981.71509,0,1325.067597,0,7063.199318,0,1970.369875,0,7063.199318,0,1826.853703,0,7063.199318,0,2563.091272,0,7063.199318,0,8388.266915,9033.569193,8890.053021,9626.29059
6770,319975,0,242.1310127,TRUE,1220,"CBSA Boston-Cambridge-Newton, MA-NH",5A,5A,Hour21,3,Cold,None,Standard Efficiency,New England,New England,Northeast,"MA, Haverhill","Gas, 100% Usage","Standard, 100% Usage",Yes,"Electric, 100% Usage",68F,No,0F,None,Not Applicable,G2500090,"G2500090, G25000701",None,None,20 ft^2,Fiberglass,"20% Leakage, Uninsulated",2 ft,None,"data/cambium/LRMER_MidCase_15_2025start,data/cambium/LRMER_LowRECost_15_2025start,data/cambium/LRMER_95DecarbBy2035_15_2025start,data/cambium/LRMER_LowRECost_25_2025start","kg/MWh,kg/MWh,kg/MWh,kg/MWh","/lib/resources/data/cambium/LRMER_MidCase_15_2025start/NEWEc.csv,/lib/resources/data/cambium/LRMER_LowRECost_15_2025start/NEWEc.csv,/lib/resources/data/cambium/LRMER_95DecarbBy2035_15_2025start/NEWEc.csv,/lib/resources/data/cambium/LRMER_LowRECost_25_2025start/NEWEc.csv","lb/MBtu,lb/MBtu,lb/MBtu,lb/MBtu","195.9,195.9,195.9,195.9","147.3,147.3,147.3,147.3","177.8,177.8,177.8,177.8","LRMER_MidCase_15_2025start,LRMER_LowRECost_15_2025start,LRMER_95DecarbBy2035_15_2025start,LRMER_LowRECost_25_2025start","CO2e,CO2e,CO2e,CO2e","200.0,200.0,200.0,200.0",200-300%,NEWEc,Vented Attic,None,None,None,None,None,Single-Family Detached,Single-Family Detached,Single-Family Detached,1000-1499,0-1499,Unheated Basement,None,1,1,<8,"Vinyl, Light",Wood Frame,No,Natural Gas,70F,Yes,3F,Night +4h,No Exterior Use,Uninsulated,100% Usage,"AC, SEER 13",80% Conditioned,Central AC,Yes,None,No,"Fuel Furnace, 80% AFUE",Ducted Heating,Natural Gas Fuel Furnace,None,None,None,No,None,None,None,None,60000-69999,60000-79999,60000-99999,15 ACH50,R-38,Uninsulated,Uninsulated,Uninsulated,"Unfinished, Uninsulated",None,"Wood Stud, Uninsulated","Summer = 0.7, Winter = 0.85",NEISO,100% Incandescent,100% Usage,100% Usage,CR03,None,None,"EF 12, National Average",None,None,None,None,None,None,None,None,"Cooling Season, 7 days/wk",Left/Right at 15ft,3,West,None,100%,99%,G25000701,"In metro area, not/partially in principal city",None,None,No,Hour22,131,"EF 17.6, 100% Usage","Metal, Dark",Stochastic,1,1,2007,31,12,15,None,MA,Owner,1,Medium,Occupied,1950s,1940-59,Natural Gas Standard,Natural Gas,Yes,Beverly Muni AP,42.583,-70.917,F18 B18 L18 R18,"Double, Low-E, Non-metal, Air, M-Gain",40.73687873,89.38667635,37.51309696,226.5439371,1419.343192,0,319.7405374,741.4698071,0,0,0,0,0,160.8960174,0,1535.399336,21.98033025,2379.737088,0,0,0,471.2582806,434.0382547,0,0,0,0,1187.230905,0,0,0,29785.98513,0,5873.730385,0,0,0,0,0,0,0,0,44725.57599,44725.57599,7878.336504,7878.336504,0,36847.23949,0,1358.606671,0,8400.401419,0,2023.07368,0,8400.401419,0,1869.104925,0,8400.401419,0,2627.283211,0,8400.401419,0,9759.008089,10423.4751,10269.50634,11027.68463
8040,378922,0,242.1310127,TRUE,1220,"CBSA Boston-Cambridge-Newton, MA-NH",5A,5A,Hour3,3,Cold,None,Standard Efficiency,New England,New England,Northeast,Not in a census Place,"Electric, 120% Usage","Standard, 120% Usage",Yes,"Gas, 120% Usage",78F,No,0F,None,Not Applicable,G2500090,"G2500090, G25001300",None,"290 Rated kWh, 120% Usage",20 ft^2,Fiberglass,"10% Leakage, Uninsulated",2 ft,None,"data/cambium/LRMER_MidCase_15_2025start,data/cambium/LRMER_LowRECost_15_2025start,data/cambium/LRMER_95DecarbBy2035_15_2025start,data/cambium/LRMER_LowRECost_25_2025start","kg/MWh,kg/MWh,kg/MWh,kg/MWh","/lib/resources/data/cambium/LRMER_MidCase_15_2025start/NEWEc.csv,/lib/resources/data/cambium/LRMER_LowRECost_15_2025start/NEWEc.csv,/lib/resources/data/cambium/LRMER_95DecarbBy2035_15_2025start/NEWEc.csv,/lib/resources/data/cambium/LRMER_LowRECost_25_2025start/NEWEc.csv","lb/MBtu,lb/MBtu,lb/MBtu,lb/MBtu","195.9,195.9,195.9,195.9","147.3,147.3,147.3,147.3","177.8,177.8,177.8,177.8","LRMER_MidCase_15_2025start,LRMER_LowRECost_15_2025start,LRMER_95DecarbBy2035_15_2025start,LRMER_LowRECost_25_2025start","CO2e,CO2e,CO2e,CO2e","200.0,200.0,200.0,200.0",400%+,NEWEc,Vented Attic,None,None,None,None,None,Single-Family Detached,Single-Family Detached,Single-Family Detached,1000-1499,0-1499,Vented Crawlspace,None,1,1,<8,"Wood, Medium/Dark",Concrete,No,Natural Gas,76F,No,0F,None,No Exterior Use,Uninsulated,200% Usage,"AC, SEER 10",100% Conditioned,Central AC,Yes,None,No,"Fuel Furnace, 80% AFUE",Ducted Heating,Natural Gas Fuel Furnace,None,None,None,No,None,None,None,None,50000-59999,40000-59999,40000-59999,10 ACH50,R-30,Ceiling R-13,Uninsulated,Uninsulated,"Unfinished, Uninsulated",None,"CMU, 6-in Hollow, R-11","Summer = 0.7, Winter = 0.85",NEISO,100% LED,100% Usage,100% Usage,CR03,None,None,"EF 12, National Average",None,None,None,None,Has Pool,None,1.0 HP Pump,None,"Cooling Season, 7 days/wk",Left/Right at 15ft,1,North,None,200%,99%,G25001300,"In metro area, not/partially in principal city",None,None,No,Hour17,131,"EF 17.6, 100% Usage","Asphalt Shingles, Medium",Stochastic,1,1,2007,31,12,15,None,MA,Owner,1,High,Occupied,1990s,1980-99,Natural Gas Premium,Natural Gas,Yes,Beverly Muni AP,42.583,-70.917,F15 B15 L15 R15,"Double, Low-E, Non-metal, Air, M-Gain",40.73687873,630.6889426,23.73875667,123.0898494,866.3180829,67.69941717,319.7405374,650.6177754,0,0,0,0,0,26.96253844,0,375.1309696,21.98033025,3583.673044,0,1534.227051,0,27.84175165,434.0382547,0,0,0,0,0,0,0,0,26137.25031,0,3571.65713,0,0,815.6167878,0,0,0,0,0,39251.00841,39251.00841,8726.191109,8726.191109,0,30524.8173,0,1454.367277,0,6959.033191,0,2173.3638,0,6959.033191,0,2000.980556,0,6959.033191,0,2845.697916,0,6959.033191,0,8413.400469,9132.396992,8960.013748,9804.731107
9134,427531,0,242.1310127,TRUE,1220,"CBSA Boston-Cambridge-Newton, MA-NH",5A,5A,Hour18,3,Cold,None,None,New England,New England,Northeast,In another census Place,"Electric, 80% Usage","EnergyStar, 80% Usage",Yes,"Gas, 80% Usage",70F,No,0F,None,Not Applicable,G2500090,"G2500090, G25000703",None,"318 Rated kWh, 80% Usage",20 ft^2,Fiberglass,"20% Leakage, Uninsulated",2 ft,None,"data/cambium/LRMER_MidCase_15_2025start,data/cambium/LRMER_LowRECost_15_2025start,data/cambium/LRMER_95DecarbBy2035_15_2025start,data/cambium/LRMER_LowRECost_25_2025start","kg/MWh,kg/MWh,kg/MWh,kg/MWh","/lib/resources/data/cambium/LRMER_MidCase_15_2025start/NEWEc.csv,/lib/resources/data/cambium/LRMER_LowRECost_15_2025start/NEWEc.csv,/lib/resources/data/cambium/LRMER_95DecarbBy2035_15_2025start/NEWEc.csv,/lib/resources/data/cambium/LRMER_LowRECost_25_2025start/NEWEc.csv","lb/MBtu,lb/MBtu,lb/MBtu,lb/MBtu","195.9,195.9,195.9,195.9","147.3,147.3,147.3,147.3","177.8,177.8,177.8,177.8","LRMER_MidCase_15_2025start,LRMER_LowRECost_15_2025start,LRMER_95DecarbBy2035_15_2025start,LRMER_LowRECost_25_2025start","CO2e,CO2e,CO2e,CO2e","200.0,200.0,200.0,200.0",400%+,NEWEc,Vented Attic,None,None,None,None,None,Single-Family Detached,Single-Family Detached,Single-Family Detached,1000-1499,0-1499,Vented Crawlspace,None,1,1,<8,"Vinyl, Light",Wood Frame,No,Natural Gas,70F,Yes,6F,Day +4h,No Exterior Use,Uninsulated,50% Usage,"AC, SEER 15",100% Conditioned,Central AC,Yes,None,No,"Fuel Furnace, 80% AFUE",Ducted Heating,Natural Gas Fuel Furnace,None,None,None,No,None,None,None,None,160000-179999,140000+,150000+,15 ACH50,R-30,Uninsulated,Uninsulated,Uninsulated,"Unfinished, Uninsulated",None,"Wood Stud, Uninsulated","Summer = 0.7, Winter = 0.85",NEISO,100% LED,100% Usage,100% Usage,CR03,None,None,None,None,None,None,None,None,None,None,None,"Cooling Season, 7 days/wk",Left/Right at 15ft,4,East,None,50%,99%,G25000703,"In metro area, not/partially in principal city",None,None,No,Hour23,131,"EF 10.5, 100% Usage","Asphalt Shingles, Medium",Stochastic,1,1,2007,31,12,15,None,MA,Owner,1,Low,Occupied,1950s,1940-59,Natural Gas Standard,Natural Gas,Yes,Beverly Muni AP,42.583,-70.917,F18 B18 L18 R18,"Single, Clear, Non-metal",0,519.028865,30.18632021,476.5335598,1564.120301,137.4503318,0,985.5980084,0,0,0,0,0,26.96253844,0,375.1309696,21.98033025,1336.990221,0,0,0,29.60017807,727.1093247,0,0,0,0,0,0,0,0,39580.71336,0,4336.279552,0,0,864.8527276,0,0,0,0,0,51011.95044,51011.95044,6230.397877,6230.397877,0,44781.84564,0,1059.505594,0,10209.30829,0,1569.227298,0,10209.30829,0,1464.153533,0,10209.30829,0,2057.400643,0,10209.30829,0,11268.81388,11778.53558,11673.46182,12266.70893
9142,427880,0,242.1310127,TRUE,1220,"CBSA Boston-Cambridge-Newton, MA-NH",5A,5A,Hour5,3,Cold,None,Standard Efficiency,New England,New England,Northeast,"MA, Methuen Town","Gas, 80% Usage","EnergyStar, 80% Usage",Yes,"Gas, 80% Usage",70F,No,0F,None,Not Applicable,G2500090,"G2500090, G25000701",None,None,20 ft^2,Fiberglass,"20% Leakage, R-4",2 ft,None,"data/cambium/LRMER_MidCase_15_2025start,data/cambium/LRMER_LowRECost_15_2025start,data/cambium/LRMER_95DecarbBy2035_15_2025start,data/cambium/LRMER_LowRECost_25_2025start","kg/MWh,kg/MWh,kg/MWh,kg/MWh","/lib/resources/data/cambium/LRMER_MidCase_15_2025start/NEWEc.csv,/lib/resources/data/cambium/LRMER_LowRECost_15_2025start/NEWEc.csv,/lib/resources/data/cambium/LRMER_95DecarbBy2035_15_2025start/NEWEc.csv,/lib/resources/data/cambium/LRMER_LowRECost_25_2025start/NEWEc.csv","lb/MBtu,lb/MBtu,lb/MBtu,lb/MBtu","195.9,195.9,195.9,195.9","147.3,147.3,147.3,147.3","177.8,177.8,177.8,177.8","LRMER_MidCase_15_2025start,LRMER_LowRECost_15_2025start,LRMER_95DecarbBy2035_15_2025start,LRMER_LowRECost_25_2025start","CO2e,CO2e,CO2e,CO2e","200.0,200.0,200.0,200.0",300-400%,NEWEc,Vented Attic,None,None,None,None,None,Single-Family Detached,Single-Family Detached,Single-Family Detached,1000-1499,0-1499,Slab,1 Car,1,1,<8,"Wood, Medium/Dark",Wood Frame,No,Natural Gas,68F,Yes,6F,Day and Night,No Exterior Use,Uninsulated,50% Usage,"AC, SEER 10",100% Conditioned,Central AC,Yes,None,No,"Fuel Furnace, 80% AFUE",Ducted Heating,Natural Gas Fuel Furnace,None,None,None,No,None,None,None,None,45000-49999,40000-59999,40000-59999,25 ACH50,R-19,None,None,None,"Unfinished, Uninsulated",Uninsulated,"Wood Stud, Uninsulated","Summer = 0.7, Winter = 0.85",NEISO,100% Incandescent,100% Usage,100% Usage,CR03,None,None,None,None,None,None,None,Has Pool,None,1.0 HP Pump,None,"Cooling Season, 7 days/wk",Left/Right at 15ft,1,South,None,50%,99%,G25000701,"In metro area, not/partially in principal city",None,None,No,Hour17,131,"EF 10.5, 100% Usage",Composition Shingles,Stochastic,1,1,2007,31,12,15,None,MA,Owner,1,Low,Occupied,1960s,1960-79,Natural Gas Premium,Natural Gas,Yes,Beverly Muni AP,42.583,-70.917,F15 B15 L15 R15,"Double, Low-E, Non-metal, Air, M-Gain",40.73687873,19.63576169,12.89512708,279.0036586,1838.434822,0,0,730.0400354,0,0,0,0,0,160.8960174,99.93723487,1535.399336,21.98033025,895.918261,0,1534.227051,0,18.46347741,727.1093247,0,0,0,0,262.0055366,0,0,0,29319.70906,0,1522.79728,0,0,543.9399059,0,0,0,0,0,39563.12909,39563.12909,7914.970387,7914.970387,0,31648.15871,0,1323.665543,0,7215.14868,0,1946.254183,0,7215.14868,0,1821.781179,0,7215.14868,0,2590.660163,0,7215.14868,0,8538.814223,9161.402863,9036.929859,9805.808843
9701,455908,0,242.1310127,TRUE,1220,"CBSA Boston-Cambridge-Newton, MA-NH",5A,5A,Hour0,3,Cold,None,None,New England,New England,Northeast,Not in a census Place,"Electric, 120% Usage","Standard, 120% Usage",Yes,"Electric, 120% Usage",68F,No,0F,None,Not Applicable,G2500090,"G2500090, G25000702",None,None,20 ft^2,Fiberglass,"0% Leakage, Uninsulated",2 ft,None,"data/cambium/LRMER_MidCase_15_2025start,data/cambium/LRMER_LowRECost_15_2025start,data/cambium/LRMER_95DecarbBy2035_15_2025start,data/cambium/LRMER_LowRECost_25_2025start","kg/MWh,kg/MWh,kg/MWh,kg/MWh","/lib/resources/data/cambium/LRMER_MidCase_15_2025start/NEWEc.csv,/lib/resources/data/cambium/LRMER_LowRECost_15_2025start/NEWEc.csv,/lib/resources/data/cambium/LRMER_95DecarbBy2035_15_2025start/NEWEc.csv,/lib/resources/data/cambium/LRMER_LowRECost_25_2025start/NEWEc.csv","lb/MBtu,lb/MBtu,lb/MBtu,lb/MBtu","195.9,195.9,195.9,195.9","147.3,147.3,147.3,147.3","177.8,177.8,177.8,177.8","LRMER_MidCase_15_2025start,LRMER_LowRECost_15_2025start,LRMER_95DecarbBy2035_15_2025start,LRMER_LowRECost_25_2025start","CO2e,CO2e,CO2e,CO2e","200.0,200.0,200.0,200.0",400%+,NEWEc,Vented Attic,None,None,None,None,None,Single-Family Detached,Single-Family Detached,Single-Family Detached,1000-1499,0-1499,Heated Basement,None,1,1,<8,"Vinyl, Light",Wood Frame,No,Natural Gas,68F,Yes,3F,Day and Night +1h,No Exterior Use,Uninsulated,200% Usage,"Room AC, EER 10.7",60% Conditioned,Room AC,Yes,None,No,"Fuel Furnace, 80% AFUE",Ducted Heating,Natural Gas Fuel Furnace,None,None,None,No,None,None,None,None,100000-119999,100000-119999,100000-149999,20 ACH50,R-13,Uninsulated,Uninsulated,Uninsulated,"Unfinished, Uninsulated",None,"Wood Stud, Uninsulated","Summer = 0.7, Winter = 0.85",NEISO,100% CFL,100% Usage,100% Usage,CR03,None,None,None,None,None,None,None,Has Pool,None,1.0 HP Pump,None,"Cooling Season, 7 days/wk",Left/Right at 15ft,1,South,None,200%,99%,G25000702,"In metro area, not/partially in principal city",None,None,No,Hour23,131,"EF 17.6, 100% Usage","Asphalt Shingles, Medium",Stochastic,1,1,2007,31,12,15,None,MA,Owner,1,High,Occupied,1950s,1940-59,Natural Gas Standard,Natural Gas,Yes,Beverly Muni AP,42.583,-70.917,F12 B12 L12 R12,"Double, Low-E, Non-metal, Air, M-Gain",0,630.6889426,23.73875667,0,885.3677025,0,0,628.3443741,0,0,0,0,0,40.15073659,0,491.1871133,21.98033025,3583.673044,0,1534.227051,0,407.3687873,434.0382547,0,0,0,0,0,0,0,0,25234.00527,0,4332.762699,0,0,0,0,0,0,0,0,38247.82613,38247.82613,8681.058164,8681.058164,0,29567.06104,0,1436.170512,0,6740.652506,0,2144.564314,0,6740.652506,0,1973.450221,0,6740.652506,0,2819.502049,0,6740.652506,0,8176.823018,8885.216819,8714.102727,9560.154555
10401,489482,0,242.1310127,TRUE,1220,"CBSA Boston-Cambridge-Newton, MA-NH",5A,5A,Hour19,3,Cold,None,None,New England,New England,Northeast,In another census Place,"Gas, 100% Usage","Standard, 100% Usage",Yes,"Electric, 100% Usage",75F,Yes,2F,Night Setback +3h,Not Applicable,G2500090,"G2500090, G25000703",None,None,20 ft^2,Fiberglass,"10% Leakage, R-4",2 ft,None,"data/cambium/LRMER_MidCase_15_2025start,data/cambium/LRMER_LowRECost_15_2025start,data/cambium/LRMER_95DecarbBy2035_15_2025start,data/cambium/LRMER_LowRECost_25_2025start","kg/MWh,kg/MWh,kg/MWh,kg/MWh","/lib/resources/data/cambium/LRMER_MidCase_15_2025start/NEWEc.csv,/lib/resources/data/cambium/LRMER_LowRECost_15_2025start/NEWEc.csv,/lib/resources/data/cambium/LRMER_95DecarbBy2035_15_2025start/NEWEc.csv,/lib/resources/data/cambium/LRMER_LowRECost_25_2025start/NEWEc.csv","lb/MBtu,lb/MBtu,lb/MBtu,lb/MBtu","195.9,195.9,195.9,195.9","147.3,147.3,147.3,147.3","177.8,177.8,177.8,177.8","LRMER_MidCase_15_2025start,LRMER_LowRECost_15_2025start,LRMER_95DecarbBy2035_15_2025start,LRMER_LowRECost_25_2025start","CO2e,CO2e,CO2e,CO2e","200.0,200.0,200.0,200.0",400%+,NEWEc,Vented Attic,None,None,None,None,None,Single-Family Detached,Single-Family Detached,Single-Family Detached,1000-1499,0-1499,Slab,None,1,1,<8,"Vinyl, Light",Wood Frame,No,Natural Gas,70F,Yes,6F,Night -5h,No Exterior Use,Uninsulated,100% Usage,"AC, SEER 10",100% Conditioned,Central AC,Yes,None,No,"Fuel Furnace, 92.5% AFUE",Ducted Heating,Natural Gas Fuel Furnace,None,None,None,No,None,None,None,None,100000-119999,100000-119999,100000-149999,15 ACH50,R-13,None,None,None,"Unfinished, Uninsulated",Uninsulated,"Wood Stud, Uninsulated","Summer = 0.7, Winter = 0.85",NEISO,100% CFL,100% Usage,100% Usage,CR03,None,None,None,None,None,None,None,None,None,None,None,"Cooling Season, 7 days/wk",Left/Right at 15ft,2,Southwest,None,100%,99%,G25000703,"In metro area, not/partially in principal city",None,None,No,Hour7,131,"EF 17.6, 100% Usage","Asphalt Shingles, Medium",Stochastic,1,1,2007,31,12,15,None,MA,Owner,1,Medium,Occupied,1960s,1960-79,Natural Gas Standard,Natural Gas,Yes,Beverly Muni AP,42.583,-70.917,F9 B9 L9 R9,"Double, Low-E, Non-metal, Air, M-Gain",0,68.28555931,28.42789379,137.4503318,995.8554959,0,0,584.3837136,0,0,0,0,0,40.15073659,0,491.1871133,21.98033025,2085.786805,0,0,0,405.6103609,434.0382547,0,0,0,0,905.8826774,0,0,0,27067.75095,0,4466.989249,0,0,0,0,0,0,0,0,37733.4864,37733.4864,5293.156595,5293.156595,0,32440.32981,0,915.1747696,0,7395.757822,0,1363.090885,0,7395.757822,0,1262.286331,0,7395.757822,0,1765.338413,0,7395.757822,0,8310.932592,8758.848707,8658.044153,9161.096235
10410,489854,0,242.1310127,TRUE,1220,"CBSA Boston-Cambridge-Newton, MA-NH",5A,5A,Hour7,2,Cold,None,None,New England,New England,Northeast,In another census Place,"Gas, 100% Usage","EnergyStar, 100% Usage",Yes,"Electric, 100% Usage",75F,No,0F,None,Not Applicable,G2500090,"G2500090, G25001000",None,"318 Rated kWh, 100% Usage",20 ft^2,Fiberglass,"20% Leakage, Uninsulated",2 ft,None,"data/cambium/LRMER_MidCase_15_2025start,data/cambium/LRMER_LowRECost_15_2025start,data/cambium/LRMER_95DecarbBy2035_15_2025start,data/cambium/LRMER_LowRECost_25_2025start","kg/MWh,kg/MWh,kg/MWh,kg/MWh","/lib/resources/data/cambium/LRMER_MidCase_15_2025start/NEWEc.csv,/lib/resources/data/cambium/LRMER_LowRECost_15_2025start/NEWEc.csv,/lib/resources/data/cambium/LRMER_95DecarbBy2035_15_2025start/NEWEc.csv,/lib/resources/data/cambium/LRMER_LowRECost_25_2025start/NEWEc.csv","lb/MBtu,lb/MBtu,lb/MBtu,lb/MBtu","195.9,195.9,195.9,195.9","147.3,147.3,147.3,147.3","177.8,177.8,177.8,177.8","LRMER_MidCase_15_2025start,LRMER_LowRECost_15_2025start,LRMER_95DecarbBy2035_15_2025start,LRMER_LowRECost_25_2025start","CO2e,CO2e,CO2e,CO2e","200.0,200.0,200.0,200.0",400%+,NEWEc,Vented Attic,None,None,None,None,None,Single-Family Detached,Single-Family Detached,Single-Family Detached,1000-1499,0-1499,Unheated Basement,None,1,1,<8,"Vinyl, Light",Wood Frame,No,Natural Gas,65F,Yes,3F,Day and Night -2h,No Exterior Use,Uninsulated,100% Usage,"AC, SEER 13",100% Conditioned,Central AC,Yes,None,No,"Fuel Furnace, 92.5% AFUE",Ducted Heating,Natural Gas Fuel Furnace,None,None,None,No,None,None,None,None,80000-99999,80000-99999,60000-99999,40 ACH50,R-19,Uninsulated,Uninsulated,Uninsulated,"Unfinished, Uninsulated",None,"Wood Stud, Uninsulated","Summer = 0.7, Winter = 0.85",NEISO,100% CFL,100% Usage,100% Usage,CR03,None,EF 15.9,None,None,None,None,None,None,None,None,Typical Efficiency,"Cooling Season, 7 days/wk",Left/Right at 15ft,2,North,None,100%,99%,G25001000,"In metro area, not/partially in principal city",None,None,No,Hour4,131,"EF 15.9, 100% Usage","Asphalt Shingles, Medium",Stochastic,1,1,2007,31,12,15,None,MA,Owner,1,Medium,Occupied,1950s,1940-59,Natural Gas Standard,Natural Gas,Yes,Beverly Muni AP,42.583,-70.917,F6 B6 L6 R6,"Double, Clear, Metal, Air",0,35.75467054,23.4456856,33.70317305,868.0765093,97.59266631,0,696.9230045,0,0,0,0,0,40.15073659,0,491.1871133,16.41197992,2085.786805,0,0,0,405.6103609,960.1008253,327.0673141,0,0,0,475.0682045,0,0,0,32261.84953,0,4479.298234,0,0,0,0,0,0,0,0,43298.02681,43298.02681,6081.517774,6081.517774,0,37216.50904,0,1044.522077,0,8484.570472,0,1567.312685,0,8484.570472,0,1438.524657,0,8484.570472,0,2023.85023,0,8484.570472,0,9529.092549,10051.88316,9923.095129,10508.4207
11365,533395,0,242.1310127,TRUE,1220,"CBSA Boston-Cambridge-Newton, MA-NH",5A,5A,Hour6,2,Cold,None,Standard Efficiency,New England,New England,Northeast,"MA, Beverly","Electric, 120% Usage","Standard, 120% Usage",Yes,"Gas, 120% Usage",70F,Yes,2F,Day Setup -3h,Not Applicable,G2500090,"G2500090, G25000703",None,"318 Rated kWh, 120% Usage",20 ft^2,Fiberglass,"0% Leakage, Uninsulated",2 ft,None,"data/cambium/LRMER_MidCase_15_2025start,data/cambium/LRMER_LowRECost_15_2025start,data/cambium/LRMER_95DecarbBy2035_15_2025start,data/cambium/LRMER_LowRECost_25_2025start","kg/MWh,kg/MWh,kg/MWh,kg/MWh","/lib/resources/data/cambium/LRMER_MidCase_15_2025start/NEWEc.csv,/lib/resources/data/cambium/LRMER_LowRECost_15_2025start/NEWEc.csv,/lib/resources/data/cambium/LRMER_95DecarbBy2035_15_2025start/NEWEc.csv,/lib/resources/data/cambium/LRMER_LowRECost_25_2025start/NEWEc.csv","lb/MBtu,lb/MBtu,lb/MBtu,lb/MBtu","195.9,195.9,195.9,195.9","147.3,147.3,147.3,147.3","177.8,177.8,177.8,177.8","LRMER_MidCase_15_2025start,LRMER_LowRECost_15_2025start,LRMER_95DecarbBy2035_15_2025start,LRMER_LowRECost_25_2025start","CO2e,CO2e,CO2e,CO2e","200.0,200.0,200.0,200.0",400%+,NEWEc,Vented Attic,None,None,None,None,None,Single-Family Detached,Single-Family Detached,Single-Family Detached,1000-1499,0-1499,Heated Basement,None,1,1,<8,"Vinyl, Light",Wood Frame,No,Natural Gas,67F,No,0F,None,No Exterior Use,Uninsulated,200% Usage,"AC, SEER 15",100% Conditioned,Central AC,Yes,None,No,"Fuel Furnace, 80% AFUE",Ducted Heating,Natural Gas Fuel Furnace,None,None,None,No,None,None,None,None,100000-119999,100000-119999,100000-149999,30 ACH50,R-38,Uninsulated,Uninsulated,Uninsulated,"Unfinished, Uninsulated",None,"Wood Stud, Uninsulated","Summer = 0.7, Winter = 0.85",NEISO,100% Incandescent,100% Usage,100% Usage,CR03,None,EF 17.6,None,None,None,None,None,None,None,None,None,"Cooling Season, 7 days/wk",Left/Right at 15ft,1,East,None,200%,99%,G25000703,"In metro area, not/partially in principal city",None,None,No,Hour0,131,"EF 19.9, 100% Usage",Composition Shingles,Stochastic,1,1,2007,31,12,15,None,MA,Owner,1,High,Occupied,1940s,1940-59,Natural Gas Standard,Natural Gas,Yes,Beverly Muni AP,42.583,-70.917,F15 B15 L15 R15,"Single, Clear, Non-metal",40.73687873,630.6889426,23.73875667,102.2818034,1228.553925,72.68162536,0,766.6739191,0,0,0,0,0,160.8960174,0,1535.399336,16.41197992,3583.673044,0,0,0,27.84175165,834.0802652,0,0,0,0,0,0,0,0,30788.87433,0,4431.234578,0,0,815.6167878,0,0,0,0,0,45059.38394,45059.38394,9023.658245,9023.658245,0,36035.7257,0,1581.891597,0,8215.395152,0,2378.392995,0,8215.395152,0,2177.90925,0,8215.395152,0,3044.169979,0,8215.395152,0,9797.286749,10593.78815,10393.3044,11259.56513
11555,543360,0,242.1310127,TRUE,1220,"CBSA Boston-Cambridge-Newton, MA-NH",5A,5A,Hour14,3,Cold,None,Standard Efficiency,New England,New England,Northeast,In another census Place,"Electric, 120% Usage","Standard, 120% Usage",Yes,"Electric, 120% Usage",78F,No,0F,None,Not Applicable,G2500090,"G2500090, G25000703",None,"290 Rated kWh, 120% Usage",20 ft^2,Fiberglass,"0% Leakage, Uninsulated",2 ft,None,"data/cambium/LRMER_MidCase_15_2025start,data/cambium/LRMER_LowRECost_15_2025start,data/cambium/LRMER_95DecarbBy2035_15_2025start,data/cambium/LRMER_LowRECost_25_2025start","kg/MWh,kg/MWh,kg/MWh,kg/MWh","/lib/resources/data/cambium/LRMER_MidCase_15_2025start/NEWEc.csv,/lib/resources/data/cambium/LRMER_LowRECost_15_2025start/NEWEc.csv,/lib/resources/data/cambium/LRMER_95DecarbBy2035_15_2025start/NEWEc.csv,/lib/resources/data/cambium/LRMER_LowRECost_25_2025start/NEWEc.csv","lb/MBtu,lb/MBtu,lb/MBtu,lb/MBtu","195.9,195.9,195.9,195.9","147.3,147.3,147.3,147.3","177.8,177.8,177.8,177.8","LRMER_MidCase_15_2025start,LRMER_LowRECost_15_2025start,LRMER_95DecarbBy2035_15_2025start,LRMER_LowRECost_25_2025start","CO2e,CO2e,CO2e,CO2e","200.0,200.0,200.0,200.0",400%+,NEWEc,Vented Attic,None,None,None,None,None,Single-Family Detached,Single-Family Detached,Single-Family Detached,1000-1499,0-1499,Heated Basement,1 Car,1,1,<8,"Vinyl, Light",Wood Frame,No,Natural Gas,68F,No,0F,None,No Exterior Use,Uninsulated,200% Usage,None,None,None,Yes,None,No,"Fuel Furnace, 80% AFUE",Ducted Heating,Natural Gas Fuel Furnace,None,None,None,No,None,None,None,None,80000-99999,80000-99999,60000-99999,15 ACH50,R-19,Uninsulated,Uninsulated,Uninsulated,"Unfinished, Uninsulated",None,"Wood Stud, Uninsulated","Summer = 0.7, Winter = 0.85",NEISO,100% LED,100% Usage,100% Usage,CR03,None,EF 17.6,None,Gas Fireplace,None,None,None,None,None,None,Typical Efficiency,"Cooling Season, 7 days/wk",Left/Right at 15ft,1,East,None,200%,99%,G25000703,"In metro area, not/partially in principal city",None,None,No,Hour12,131,"EF 17.6, 100% Usage","Asphalt Shingles, Medium",Stochastic,1,1,2007,31,12,15,None,MA,Owner,1,High,Occupied,1950s,1940-59,Electric Standard,Electricity,Yes,Beverly Muni AP,42.583,-70.917,F30 B30 L30 R30,"Double, Low-E, Non-metal, Air, M-Gain",40.73687873,630.6889426,23.73875667,0,0,67.69941717,0,573.2470129,0,0,0,0,2551.769806,26.96253844,16.70505099,375.1309696,21.98033025,3583.673044,0,0,0,407.3687873,868.0765093,270.7976687,0,0,0,0,1209.504306,0,0,23026.00783,0,0,0,0,0,0,0,0,0,0,33694.08785,33694.08785,9458.575713,9458.575713,0,24235.21906,0,1609.974861,0,5525.148331,0,2431.079563,0,5525.148331,0,2204.724723,0,5525.148331,0,3131.667493,0,5525.148331,0,7135.123193,7956.227894,7729.873055,8656.815825
